<?xml version="1.0" encoding="UTF-8" ?>
<!DOCTYPE mapper
  PUBLIC "-//mybatis.org//DTD Mapper 3.0//EN"
  "http://mybatis.org/dtd/mybatis-3-mapper.dtd">
  
<mapper namespace="kr.or.ddit.notice.mapper.NoticeMapper">

	<!-- 전체 공지사항 조회 -->
	<select id="selectAll" resultType="noticeVO">
		 SELECT NTC_NO,TITLE,CONTENT,WRITER,PRIV_BOUNDS, HITS,DEL_YN,FIRST_REG_DT,LAST_MDFY_DT 
		   FROM NOTICE
		  ORDER BY FIRST_REG_DT DESC
	</select>	
	
	<!-- 개별 공지사항 조회 -->
	<select id="selectOne" parameterType="string" resultType="noticeVO">
		SELECT NTC_NO,TITLE,CONTENT,WRITER,PRIV_BOUNDS, HITS,DEL_YN,FIRST_REG_DT,LAST_MDFY_DT
		   FROM NOTICE 
           WHERE NTC_NO = #{ntcNo}
	</select>	   
	
	<!-- 공지사항 조회 시 조회수 증가 -->
	<update id="increaseHits" parameterType="string">
		UPDATE NOTICE SET HITS = HITS+1 WHERE NTC_NO = #{ntcNo}
	</update>	
	
	<!-- 공지사항 등록 -->
	<insert id="create" parameterType="noticeVO">
		INSERT INTO notice (NTC_NO,TITLE,CONTENT,WRITER,PRIV_BOUNDS, HITS,DEL_YN,FIRST_REG_DT,LAST_MDFY_DT) 
		VALUES ( 'NOT'||to_char(lpad(NTC_NO_SEQ.nextval,'5',0)),#{title},#{content},#{writer},#{privBounds},0,0,TO_CHAR(sysdate,'YYYYMMDDHH24MISS'),TO_CHAR(sysdate,'YYYYMMDDHH24MISS'))
	</insert>	   
	
	<!-- 공지사항 삭제 -->
	<delete id="delete" parameterType="string">
		DELETE FROM NOTICE WHERE NTC_NO=#{ntcNo}
	</delete>
	
	<!-- 공지사항 수정 -->
	<update id="update" parameterType="map">
		UPDATE NOTICE 
   		   SET TITLE=#{title}, CONTENT=#{content}, WRITER=#{writer}, PRIV_BOUNDS=#{privBounds},LAST_MDFY_DT=TO_CHAR(sysdate,'YYYYMMDDHH24MISS')
 		 WHERE NTC_NO=#{ntcNo}
	</update>
	
</mapper>